"ID","Экран","Сценарий","Начальное состояние","Текущий путь","Текущие действия","Целевые действия","Текущее время","Целевое время","Проверка","Риски","Целевой макет"
"C01","Кафе / Новый заказ","Американо, наличные, сразу выдать","Настольный экран; товар виден; самовывоз уже выбран; корзина видна","Добавить Американо → нажать «Наличные · сразу выдать»; товар/корзина уже видны","2: добавить + оплатить; на мобильном экране +1 только если корзина скрыта и ее надо открыть","2; сокращение до 1 не обещается","406 мс добавление + 414 мс продажа в отдельных автоматизированных прогонах; накладные расходы инструмента, не время сотрудника","Теоретически 5–20 с; терминал исключен","browser-baseline.json: C01-add, C01-pay; shell-sale-first.txt","Показывать успех только после ответа сервера","На настольном экране: корзина закреплена; после продажи сбросить предыдущий заказ и вернуть доступ к следующей корзине"
"C02","Кафе / Новый заказ","Капучино с молоком, наличные, сразу выдать","Самовывоз уже выбран; модификатор молока выбирается в редакторе позиции","Добавить → редактировать → выбрать молоко → сохранить позицию → оплатить","5: клик добавления, открыть редактор, выбрать молоко, сохранить, оплатить","3–4 действия всего теоретически, включая отдельную оплату; цель для встроенного выбора молока, не результат проверки макета","1 289 мс только автоматизированный подшаг модификатора: 4 действия, без поиска/оплаты; накладные расходы инструмента","Теоретически 15–45 с; терминал исключен","browser-baseline.json: C02-modifier; ux-cafe-evidence.md; кодовый путь","Не потерять выбранное молоко и предупреждение об оплате","Компактный редактор модификатора; доступ к корзине остается после сохранения позиции"
"C03","Кафе / Новый заказ","Наличные, заказ в работу","Настольный экран; товар виден; самовывоз и корзина видны","Добавить товар → нажать «Наличными, в работу»; корзина уже видна","2: добавить + оформить; на мобильном экране +1 условно, если корзину нужно открыть","2","Не замерено","Теоретически 10–30 с; приготовление исключено","ux-cafe-evidence.md; cafe-compose-ui.test.mjs","Не смешивать «в работу» и «сразу выдать»","Явные группы «В работу» и «Сразу выдать»"
"C04","Кафе / Новый заказ","Карта/QR, сразу выдать","Настольный экран; товар виден; терминальный сценарий доступен; корзина видна","Добавить товар → нажать действие карта/QR для немедленной выдачи","2; подтверждение/ожидание терминала не входит, если не требует отдельного действия","2","Не замерено","Теоретически 15–45 с; терминал исключен","ux-cafe-evidence.md; cafe-created-flow-ui.test.mjs","Не повторять списание при неизвестном результате","Состояние оплаты и безопасное восстановление рядом с корзиной"
"C05","Кафе / Корзина","Удалить единственную позицию","Одна позиция и видимая корзина","Нажать «Удалить» у единственной строки","1","1","331 мс автоматизированное действие; накладные расходы инструмента, не время сотрудника","Теоретически 5–15 с","browser-baseline.json: C05-remove; проверен итог 0 ₽","Пустой заказ нельзя отправить","Удаление и обновленный итог в той же строке/панели"
"C06","Кафе / Корзина","Изменить количество позиции","Одна позиция; корзина открыта и поле количества видно","Заполнить поле количества; ожидание проверки остатка не действие","1 заполнение; ожидание сервера не действие; на мобильном экране +1 условно, только если корзину надо открыть","1","Не замерено","Теоретически 5–20 с; ответ сервера исключен","cafe-compose-ui.test.mjs: проверка количества и остатка","При отказе сохранить прежнее количество и показать остаток","Количество, остаток и ошибка рядом"
"C07","Кафе / Редактор товара","Выбрать обязательную добавку","Товар с обязательным модификатором виден","Открыть товар → выбрать обязательный вариант → добавить позицию","3","3","Не замерено","Теоретически 10–30 с","ux-cafe-evidence.md; cafe-compose-ui.test.mjs","Не позволять обойти обязательный выбор","Обязательные варианты отмечены до добавления"
"C08","Кафе / Меню","Найти товар поиском","Меню загружено; название товара известно","Заполнить поиск → выбрать совпадение","2; корзина не считается отдельным действием, если видна","2","Не замерено","Теоретически 5–20 с","browser-baseline.json: cafe-search; ux-cafe-evidence.md","Различать похожие товары/размеры","Поиск закреплен над результатами"
"C09","Кафе / Новый заказ","Оформить вторую продажу, не входя заново в Новый заказ","Первая наличная продажа сохранена; остаётся форма нового заказа на настольном экране","Добавить товар → одна позиция в корзине, но редактор и оплата скрыты; в этом состоянии сценарий блокируется","1 действие до блокировки; повторный вход не считать оформлением","2 после исправления: добавить + оплатить","Не замерено","Теоретически 10–30 с после исправления; сейчас путь блокируется до восстановления","shell-sale-first.txt, shell-sale-second.txt/png: воспроизведение главным агентом через CUA; dist/cafe.js; cafe-compose.css","Не терять второй черновик и не повторять первую продажу","Автономный режим и оболочка с iframe на настольном экране: корзина доступна после добавления; CSS не скрывает единственный путь к редактированию"
"C10","Кафе / Новый заказ","Продолжить сохраненный черновик","Черновик сотрудника сохранен; страница перезагружена","Открыть Новый заказ → состав восстановлен","1 клик; проверка восстановленного состояния не действие","1","Не замерено","Теоретически 5–15 с","browser-baseline.json: C-draft-reload; cafe-compose-ui.test.mjs","Не смешать черновики пользователей/счетов","Показать контекст и восстановленный состав"
"C11","Кафе / Новый заказ","Добавить товар свободной цены и оформить","Форма сотрудника; товар/цена известны; на настольном экране корзина видна","Открыть свободную цену → заполнить название, цену, количество → добавить → оформить","6: открыть свободную цену + 3 заполнения + добавить + оформить; на мобильном экране +1 условно, только если корзину нужно открыть","6; вводить необходимые поля по-прежнему обязательно","Не замерено","Теоретически 30–90 с; терминал исключен","ux-cafe-evidence.md; dist/cafe.js manual item flow","Не списывать склад автоматически; проверить цену/метод","Свободная цена рядом с меню; предупреждение о складском учете рядом"
"C12","Кафе / Заказы","Найти заказ по имени","Список заказов открыт; известны имя и заказ","Раскрыть фильтры → заполнить поиск → открыть строку","3: раскрытие + заполнение + выбор результата","2 теоретически: заполнение + выбор","Не замерено","Теоретически 10–30 с","ux-cafe-evidence.md; browser-baseline.json: cafe-orders-list","Отображаемый номер не подменяет внутренний ID","Поиск постоянно над списком; результат с именем, номером и статусом"
"C13","Кафе / Заказы","Показать только новые заказы","Список загружен; фильтры свернуты","Открыть фильтры → выбрать статус NEW","2; просмотр результата не действие","2","Не замерено","Теоретически 5–20 с","dist/admin/cafe.html: order filters; ux-cafe-evidence.md","Не терять выбранный фильтр при обновлении","Компактный фильтр статуса над списком"
"C14","Кафе / Заказ","Подтвердить уже полученную оплату","Открыта карточка; внешняя оплата и чек подтверждены","Открыть карточку → выбрать ручное подтверждение → подтвердить","3 клика","3","Не замерено","Теоретически 20–60 с; внешняя транзакция исключена","ux-cafe-evidence.md safeguards; cafe-created-flow-ui.test.mjs","Не списывать повторно и не печатать второй чек; сохранить аудит","Сумма, способ и факт чека рядом с отдельным подтверждением"
"C15","Кафе / Счета гостей","Создать счет гостя","Вкладка счетов открыта; данные гостя/места готовы","Новый счет → заполнить обязательные поля → создать","2 клика + заполнение полей","2 клика + те же поля","Не замерено","Теоретически 20–60 с","ux-cafe-evidence.md guest bill flow","Не считать неоплаченный счет выручкой","Статус оплаты отдельно от статуса счета"
"C16","Кафе / Счет гостя","Добавить позицию в существующий счет","Счет открыт; гость выбран","Нажать добавить → выбрать товар → заполнить количество → подтвердить","4: два клика, заполнение, подтверждение","3–4 теоретически","Не замерено","Теоретически 15–45 с","ux-cafe-evidence.md; cafe-compose-ui.test.mjs","Не дублировать позицию при потерянном ответе","Состав и итог счета остаются видны"
"C17","Кафе / Заказ","Сверить неизвестный результат оплаты","Заказ ожидает сверки; результат терминала неизвестен","Открыть заказ → выбрать подтвержденный исход → подтвердить","3 клика","3","Не замерено","Теоретически 20–90 с; банк/терминал исключены","ux-cafe-evidence.md; cafe-created-flow-ui.test.mjs","Не предполагать наличные и не предлагать слепое повторное списание","Неизвестный статус и доказательные варианты исхода показаны рядом"
"C18","Кафе / Заказ","Восстановиться после потери сети при отправке","Запрос отправлен; ответ потерян","Открыть сохраненное ожидание → проверить заказ/повторить тот же запрос или сверить","2 клика; ожидание сети не действие","2–4 теоретически","Не замерено","Теоретически 20–90 с; восстановление сети исключено","ux-cafe-evidence.md retry safeguards; cafe-compose-ui.test.mjs","Сохранить исходный идентификатор запроса; не создавать дубль","Восстановление в том же composer с исходной корзиной"
"C19","Кафе / Корзина","Учесть вручную проведенный эквайринг","Корзина собрана и видна; внешняя оплата уже проведена","Выбрать ручной эквайринг в правильной группе → подтвердить факт чека/операции","2 клика","2","Не замерено","Теоретически 15–45 с; операция терминала исключена","ux-cafe-evidence.md; cafe-compose-ui.test.mjs","Учет уже проведенной оплаты, не новое списание","Подпись ясно указывает на подтверждение существующей оплаты"
"C20","Кафе / Возврат","Учесть частичный денежный возврат","Карточка заказа открыта; сумма известна","Открыть возврат → выбрать позицию/количество → выбрать метод → подтвердить учет","4–6 кликов/заполнений по числу позиций","4–6; теоретическая цель","Не замерено","Теоретически 30–120 с; физическая передача денег исключена","ux-cafe-evidence.md refunds; refunds.js","Не превысить остаток оплаты; фактические деньги возвращаются отдельно","Сумма, позиции и метод с предупреждением до фиксации"
"R01","Прокат / Новая аренда","Выдать один SUP на 2 часа за наличные","Стойка открыта; SUP и количество 1 выбраны по умолчанию; режим без терминала; контакт клиента известен","Открыть аренду → заполнить имя → заполнить телефон → выбрать 2 часа → Получено наличными → подтвердить получение","6; техника, количество, даты и сумма уже подставлены, повторный ввод не нужен","5–6 теоретически; явное подтверждение фактического получения денег сохранить","Полный путь не замерен; отдельные этапы в browser-baseline.json","Теоретически 30–90 с; пересчет денег и терминал исключены","rental-new.txt: выбран SUP, количество 1, сумма/время предзаполнены; R01-confirm подтверждает завершение после исправления тестового телефона","Сохранить тарифную сумму, московское время, проверку телефона и статус оплаты","Одна компактная форма; подтверждение получения денег в том же контексте"
"R02","Прокат / Поиск","Найти клиента среди 40 существующих аренд","Загружены 40 аренд; телефон клиента известен","Заполнить единый поиск → выбрать результат","2: заполнение + выбор","2; сохранить текущий поиск","89 мс автоматизированный шаг заполнения поиска с накладными расходами инструмента; не время сотрудника","Теоретически 5–20 с","browser-baseline.json R-search-loaded; ux-rental-staff-evidence.md","Сохранить нормализацию телефона","Один видимый глобальный поиск"
"R03","Клиенты / Новая аренда","Выдать известному клиенту SUP на 2 часа","Клиент найден; имя/телефон проверены; одна единица SUP; режим без терминала","Выбрать клиента с открытием аренды → выбрать 2 часа → Получено наличными → подтвердить получение","4 по составленному пути, весь сценарий не пройден; при изменении техники/количества добавляются отдельные действия","3–4 теоретически; не вводить имя и телефон повторно","Не замерено","Теоретически 20–60 с","ux-rental-staff-evidence.md app.js client result flow; rental-new.txt: значения по умолчанию","Показать и разрешить проверить подставленные данные; сохранить финансовое подтверждение","Переход к форме с закрепленной карточкой клиента"
"R04","Прокат / Активные аренды","Найти аренду по имени среди 40 строк","40 текущих строк; имя известно","Заполнить поиск → выбрать совпавшую аренду","2","2; сохранить хороший поиск","Не замерено","Теоретически 5–20 с","desk.test.mjs unified search; browser-baseline.json rental-active","Различать совпадающие имена по телефону/технике","Показывать контакт и срок в результате"
"R05","Прокат / Активные аренды","Найти аренду по части телефона","40 текущих строк; известны последние цифры","Заполнить поиск телефоном → выбрать результат","2","2; сохранить текущую нормализацию","Не замерено","Теоретически 5–20 с","desk.test.mjs phone normalization","Не ломать поиск по +7/8 и суффиксу","Единый поиск активных и исторических записей"
"R06","Прокат / Активные аренды","Отфильтровать просроченные выдачи","Есть активные и просроченные строки","Выбрать «Просрочка» → открыть запись","2","2","Не замерено","Теоретически 5–20 с","browser-baseline.json rental-active; desk.test.mjs","Просроченная техника остается занятой до возврата","Срок и таймер видны в строке"
"R07","Прокат / Продление","Продлить аренду","Строка аренды и действие продления видны","Нажать продление","1","1; сохранить быстрый путь","341 мс автоматизированное действие с накладными расходами инструмента; не время сотрудника","Теоретически 5–20 с","browser-baseline.json R07; desk.test.mjs","Блокировать конфликт с подтвержденной бронью","Оставить действие в неизменном месте; сразу показать новый срок и доплату"
"R08","Прокат / Продление Big SUP","Продлить Big SUP без сохраненного числа людей","У записи Big SUP не указано количество людей","Нажать продление → заполнить число людей → подтвердить системное окно","3 действия, включая подтверждение системного окна","3 теоретически; встроенная форма вместо системного окна","Не замерено","Теоретически 10–30 с","ux-rental-staff-evidence.md app.js extend","Проверять диапазон и тариф","Диалог с контекстом оборудования и количества"
"R09","Прокат / Возврат","Отметить возврат с доплатой","Доплата 500 ₽ показана до действия; тестовый режим без терминала","Нажать кнопку возврата; система сообщает о принятой доплате","1 в проверенном режиме","1–2 после отдельного решения о подтверждении денег; не убирать финансовое подтверждение ради числа кликов","366 мс автоматизированное действие с накладными расходами инструмента; не время сотрудника","Теоретически 5–20 с работы интерфейса; фактическое получение денег отдельно","browser-baseline.json R09 точный результат; риск №13 в основном отчете","Не смешивать статус возврата с фактом получения денег; текущий результат не доказывает получение денег сотрудником","Сумма и способ до действия; явное подтверждение факта получения и отдельно состояние техники"
"R10","Прокат / Возврат","Отменить ошибочную отметку возврата","Команда отмены доступна в 15-секундном окне","Нажать «Отменить»","1","1","Не замерено","Теоретически 5–15 с","desk.test.mjs undo actor/window/reissue protection","Не отменять после повторной выдачи другим кассиром","Короткое уведомление с ясным результатом и оставшимся временем"
"R11","Брони / Онлайн-заявки","Позвонить и подтвердить новую бронь","Новая заявка видна; контакт клиента известен","Открыть брони → выбрать заявку → нажать ссылку звонка → подтвердить","4 клика в интерфейсе; разговор отдельно","4 действия в интерфейсе","Не замерено","Теоретически 20–60 с работы в интерфейсе; разговор исключен","ux-rental-staff-evidence.md calendar; calendar.js","Подтверждение резервирует технику и может запланировать SMS","Телефон, слот, техника и команда подтверждения в одной карточке"
"R12","Брони / Выдача","Выдать по подтвержденной брони","Заявка подтверждена; клиент/время сверены","Открыть брони → выбрать заявку → «Выдать технику» → заполнить связанные поля → сохранить","4 клика + обязательные заполнения","4 клика + те же заполнения","Не замерено","Теоретически 45–120 с","ux-rental-staff-evidence.md issueBooking; browser-baseline rental-issued","Не дублировать бронь; сохранить согласованную цену","Форма показывает источник брони и предзаполненные условия"
"R13","Брони / Доступность","Проверить свободную технику на интервал","Календарь открыт; начало и конец известны","Открыть брони → раскрыть проверку → заполнить начало/конец → проверить наличие","5: три клика + два заполнения","4–5 теоретически","Не замерено","Теоретически 20–60 с","ux-rental-staff-evidence.md calendar.js availability","Просроченный прокат не считать свободным","Доступность рядом с календарем и оформлением брони"
"R14","Прокат / Нагрузка","Выдать два SUP одному клиенту при 40 активных арендах","Загружены 40 аренд; свободны минимум два SUP; данные клиента известны; режим без терминала","Новая аренда → количество 2 → имя → телефон → 2 часа → Получено наличными → подтвердить получение","7 по составленному пути; сценарий полностью не пройден; цена и время рассчитываются автоматически","6–7 теоретически; сохранить подтверждение получения денег","Не замерено","Теоретически 30–90 с; пересчет денег исключен","Загруженная фикстура и rental-new.txt; доступность для новой выдачи надо проверять на момент операции","Не ослаблять доступность, проверки клиента/оплаты/версии записи; не путать количество техники и аренды","Количество и доступность рядом; общая сумма перед финансовой командой"
"S01","Смена / Начать смену","Отметить начало смены","Сотрудник вошел; рабочий день уже открыт","Нажать «Я на смене»","1","1","Не замерено","Теоретически 5–20 с; вход исключен","ux-rental-staff-evidence.md work-bar; admin-ui.test.mjs","При неизвестном ответе повторять тот же идентификатор запроса","Контекстное действие с подтвержденным состоянием"
"S02","Касса / Открытие дня","Открыть день с пересчитанным остатком","День не открыт; наличные пересчитаны","Открыть кассу → заполнить начальную сумму → подтвердить","3: два клика + заполнение","3","Не замерено","Теоретически 15–45 с","ux-rental-staff-evidence.md day-desk.js","Остаток не включается в выручку/зарплату; 0 допустим","Объяснение назначения суммы рядом с полем"
"S03","Касса / Состояние дня","Проверить состояние смены и кассы","Стойка открыта; нужно узнать актуальный статус","Открыть «Смена и касса» → нажать «Обновить»","2 клика; чтение статуса не действие","2","Не замерено","Теоретически 5–20 с","ux-rental-staff-evidence.md cashState/open-cash","Не показывать устаревшее состояние как свежее","Статус, свежесть данных и действие вместе"
"S04","День / Финансовая сверка","Сверить наличные и сохранить итог","Последняя смена завершена; доступна сводка","Открыть сводку → проверить кассовую книгу → заполнить пересчитанные наличные и безнал → сохранить","4: открыть сводку + заполнить 2 суммы + сохранить; просмотр строк не действие","4; предупреждения остаются","Не замерено","Теоретически 1–4 мин; физический пересчет исключен","ux-rental-staff-evidence.md day-desk.js; финансовые правила README сервера","Не включать начальный остаток/изъятия в выручку; неизвестный метод требует сверки; это не выплата зарплаты","Разбивка и предупреждения непосредственно у команды сохранения"
"S05","График / Пожелание","Подать пожелание о смене","Открыта текущая неделя; выбран свой день","Выбрать ячейку → выбрать пожелание → сохранить; время/комментарий заполняются при необходимости","3 базовых действия: выбрать ячейку + выбрать пожелание + сохранить; +1 за каждое необязательное поле","Столько же; пожелание не становится подтвержденной сменой","Не замерено","Теоретически 15–45 с","ux-rental-staff-evidence.md schedule; schedule-current-week-ui.test.mjs","Ясно отделять пожелание от утвержденного графика","Различимое состояние в мобильной и настольной сетке"
"S06","Смены и зарплата / Выплата","Просмотреть начисление и отметить подтвержденную выплату","Администратор; сотрудник и способ выплаты известны","Открыть раздел → выбрать сотрудника → открыть выплату → заполнить сумму/способ → сохранить","6: открыть раздел + выбрать сотрудника + открыть выплату + заполнить сумму + выбрать способ + сохранить","6; не объединять неизвестную выплату с известной","Не замерено","Теоретически 30–90 с","ux-rental-staff-evidence.md; payroll-controls-ui.test.mjs","Неизвестная старая выплата не равна нулю/наличным; сохранить аудит","Начислено, выплачено, остаток и метод рядом; неизвестная сумма на сверку"
